{
  "calibrated_multiplier": 54.294388612592684,
  "calibrated_margin": 5.429438854065438e-08
}