{"scores": [5.841772115838411, 0.4222694784508441, 5.966428990410293, 5.978449159036299, 5.902876289779802, 1.7055452395074833, 1.800812472954688, 0.4616065794591991, 0.550830477608058, 1.9691991572433716, 1.5344475611427029, 1.8392204096135925, 2.3192039772148605], "labels": [0.0, 0.0, 1.0, 0.0, 0.0, 0.0, 0.0, 0.0, 1.0, 1.0, 1.0, 0.0, 0.0]}