{"calibrated_multiplier": 9.078656496823609, "calibrated_margin": 9.078656548755504e-09}