{
  "full": {
    "pooled": {
      "gt": {
        "n": 523,
        "mae": 6.2025111799762085,
        "median": 0.8182397787064528,
        "rmse": 17.06332690420121,
        "p_within_0_5m": 0.4435946462715105,
        "p_within_1_5m": 0.5850860420650096
      },
      "matched": {
        "n": 403,
        "mae": 2.2314454587623116,
        "median": 0.3590813791302798,
        "rmse": 7.71743322585641,
        "p_within_0_5m": 0.6129032258064516,
        "p_within_1_5m": 0.8064516129032258
      },
      "all": {
        "n": 501,
        "mae": 6.3060046227365225,
        "median": 4.066521789531474,
        "rmse": 10.32867457843121,
        "p_within_0_5m": 0.08582834331337326,
        "p_within_1_5m": 0.18962075848303392
      }
    },
    "train": {
      "gt": {
        "n": 415,
        "mae": 5.490424561403948,
        "median": 0.7430177586093887,
        "rmse": 11.783905051188936,
        "p_within_0_5m": 0.4530120481927711,
        "p_within_1_5m": 0.6072289156626506
      },
      "matched": {
        "n": 309,
        "mae": 1.891252770927187,
        "median": 0.37592504626137835,
        "rmse": 6.768433513635365,
        "p_within_0_5m": 0.6181229773462783,
        "p_within_1_5m": 0.8284789644012945
      },
      "all": {
        "n": 391,
        "mae": 6.089211420988013,
        "median": 3.703463317319221,
        "rmse": 9.668534032848957,
        "p_within_0_5m": 0.08951406649616368,
        "p_within_1_5m": 0.1918158567774936
      }
    },
    "test": {
      "gt": {
        "n": 108,
        "mae": 8.938769945786285,
        "median": 1.7375521414213946,
        "rmse": 29.603569420001577,
        "p_within_0_5m": 0.4074074074074074,
        "p_within_1_5m": 0.5
      },
      "matched": {
        "n": 94,
        "mae": 3.3497384432416046,
        "median": 0.3396752182739453,
        "rmse": 10.234679087569686,
        "p_within_0_5m": 0.5957446808510638,
        "p_within_1_5m": 0.7340425531914894
      },
      "all": {
        "n": 110,
        "mae": 7.076605912588042,
        "median": 4.372351029998535,
        "rmse": 12.393746813127002,
        "p_within_0_5m": 0.07272727272727272,
        "p_within_1_5m": 0.18181818181818182
      }
    }
  },
  "accepted_only": {
    "pooled": {
      "gt": {
        "n": 315,
        "mae": 2.5842891914162207,
        "median": 0.27365151169577473,
        "rmse": 7.382113678456032,
        "p_within_0_5m": 0.6285714285714286,
        "p_within_1_5m": 0.765079365079365
      },
      "matched": {
        "n": 381,
        "mae": 1.6502335414917384,
        "median": 0.34041883184313093,
        "rmse": 5.1606370803465165,
        "p_within_0_5m": 0.6272965879265092,
        "p_within_1_5m": 0.8188976377952756
      },
      "all": {
        "n": 421,
        "mae": 6.274236084209799,
        "median": 4.309734536826957,
        "rmse": 9.79561929063193,
        "p_within_0_5m": 0.08076009501187649,
        "p_within_1_5m": 0.166270783847981
      }
    },
    "train": {
      "gt": {
        "n": 249,
        "mae": 2.4587789522533923,
        "median": 0.2834184670075732,
        "rmse": 7.103463979817767,
        "p_within_0_5m": 0.6305220883534136,
        "p_within_1_5m": 0.7710843373493976
      },
      "matched": {
        "n": 293,
        "mae": 1.4331759559699166,
        "median": 0.34758070388784645,
        "rmse": 4.345720001262254,
        "p_within_0_5m": 0.6313993174061433,
        "p_within_1_5m": 0.8395904436860068
      },
      "all": {
        "n": 330,
        "mae": 6.019493035397463,
        "median": 4.218536216097975,
        "rmse": 8.707146994656089,
        "p_within_0_5m": 0.08181818181818182,
        "p_within_1_5m": 0.1696969696969697
      }
    },
    "test": {
      "gt": {
        "n": 66,
        "mae": 3.057805093712346,
        "median": 0.2536748979765844,
        "rmse": 8.350080580530674,
        "p_within_0_5m": 0.6212121212121212,
        "p_within_1_5m": 0.7424242424242424
      },
      "matched": {
        "n": 88,
        "mae": 2.372936638740531,
        "median": 0.33181114513584165,
        "rmse": 7.240566732187897,
        "p_within_0_5m": 0.6136363636363636,
        "p_within_1_5m": 0.75
      },
      "all": {
        "n": 91,
        "mae": 7.198029557924862,
        "median": 4.3818968058975125,
        "rmse": 12.9995542266201,
        "p_within_0_5m": 0.07692307692307693,
        "p_within_1_5m": 0.15384615384615385
      }
    }
  },
  "fp_stats": {
    "n": 74,
    "median_signed": -0.07453545008473003,
    "median_abs": 1.1459905396190195,
    "mean_abs": 4.561683056657588
  },
  "fp_stats_acc": {
    "n": 22,
    "median_signed": 3.87915337134322,
    "median_abs": 6.872789406220276,
    "mean_abs": 9.539930218790879
  },
  "accept_stats": {
    "accept_rate_all": 84.03193612774452,
    "accept_rate_clean": 94.5409429280397,
    "accept_rate_fp": 29.72972972972973,
    "accept_rate_gt": 59.32203389830509,
    "n_seg_total": 501,
    "n_seg_acc": 421,
    "n_clean_total": 403,
    "n_clean_acc": 381,
    "n_fp_total": 74,
    "n_fp_acc": 22,
    "n_gt_total": 531,
    "n_gt_acc": 315
  }
}