{
  "feature_names": [
    "var",
    "rms",
    "energy_ratio",
    "mean_abs_jerk",
    "mean_run_sec"
  ],
  "mean": [
    0.9372728044943937,
    7.679857103156014,
    0.3495486617045576,
    11.801057819960183,
    2.1951273701834455
  ],
  "std": [
    3.402348864592384,
    8.330615131246047,
    0.2654527338173302,
    7.028614180308282,
    1.8020994786710984
  ],
  "coef": [
    -0.015247912451338818,
    0.7778888439806395,
    0.1510225016430315,
    -0.32923613319003486,
    -0.023795200495583133
  ],
  "intercept": -0.11749136305645685
}