{
  "feature_names": [
    "v_std",
    "v_range",
    "v_max_abs",
    "v_end",
    "v_mean_abs",
    "v_absint",
    "v_active_frac",
    "log_e_elev",
    "log_e_walk",
    "log_elev_minus_walk",
    "tri_4s",
    "tri_8s",
    "tri_14s",
    "tri_20s"
  ],
  "mean": [
    0.15374527360851342,
    0.5603467026560526,
    0.4850833727663114,
    1.0606720411728715e-17,
    0.2312110048356559,
    0.9248148855748954,
    0.5828965517241376,
    -1.6889949305127403,
    -1.5835597445896776,
    -0.10543518592306392,
    2.4659393301264793e-16,
    -8.876998752929592e-17,
    -1.125057901247303e-16,
    3.0722550940058214e-17
  ],
  "std": [
    0.39110451035986815,
    1.2841482256965113,
    1.2812987400546527,
    1.1258675530352267e-15,
    0.7083734486321267,
    2.833450428389684,
    0.16665103972022946,
    0.981290434593538,
    0.9991887813370846,
    0.870160480349159,
    1.0000000000000042,
    0.999999999999993,
    0.999999999999999,
    1.0000000000000064
  ],
  "coef": [
    0.5535577790426702,
    -0.6293466023744907,
    0.8972993605206828,
    0.0033427790537854363,
    -0.5369236161132036,
    -0.536466958710931,
    0.11047574246378102,
    0.14311693950480397,
    -0.08002677091126263,
    0.25328791693352215,
    -0.11328027254014533,
    0.17499080632388486,
    -0.041230745973689656,
    -0.1304302987641678
  ],
  "intercept": -0.3533751904976775
}