{
  "description": "Loosen pair filters: heatmap_energy 0.60->0.20, min_pair_abs_a 0.5->0.30, same_sign_min_gap_s 10.0->5.0",
  "n_experiments": 26,
  "elapsed_s": 112.63307404518127,
  "config": {
    "r2_peak_thresh": 0.55,
    "min_peak_abs_a": 0.4,
    "nms_radius_s": 2.0,
    "same_sign_min_gap_s": 5.0,
    "min_ride_s": 0.0,
    "max_ride_s": 30.0,
    "joint_r2_thresh": 0.9,
    "min_pair_abs_a": 0.3,
    "heatmap_energy_thresh": 0.2,
    "w_min_s": 0.4,
    "w_max_s": 3.0,
    "n_w": 30,
    "f_min": 0.05,
    "f_max": 0.8,
    "n_f": 15,
    "noise_sigma_multiplier": 6.0
  },
  "total": {
    "n_gt": 498,
    "n_pred": 503,
    "clean": 352,
    "missed": 136,
    "gt_merged": 10,
    "gt_split": 0,
    "fp": 146,
    "pred_merged": 5,
    "pred_split_part": 0,
    "f1_like": 0.7032967032967034,
    "recall": 0.7068273092369478,
    "precision": 0.6998011928429424,
    "miss_rate": 0.27309236947791166,
    "merge_rate": 0.009940357852882704,
    "fp_rate": 0.29025844930417494
  },
  "iou": {
    "iou_f1@0.5": 0.4535464535464535,
    "iou_precision@0.5": 0.45129224652087474,
    "iou_recall@0.5": 0.45582329317269077,
    "iou_mean@0.5": 0.6043367050331006,
    "iou_tp@0.5": 227,
    "iou_fp@0.5": 276,
    "iou_fn@0.5": 271
  },
  "per_exp": [
    [
      "RoyTurgeman_Haari3_SamsungGalaxyZFlip6_10-4-2026",
      {
        "n_gt": 30,
        "n_pred": 31,
        "clean": 10,
        "missed": 16,
        "gt_merged": 4,
        "gt_split": 0,
        "fp": 19,
        "pred_merged": 2,
        "pred_split_part": 0,
        "f1_like": 0.32786885245901637,
        "recall": 0.3333333333333333,
        "precision": 0.3225806451612903,
        "miss_rate": 0.5333333333333333,
        "merge_rate": 0.06451612903225806,
        "fp_rate": 0.6129032258064516
      }
    ],
    [
      "UriyaCohenEliya_BarIlan2Herzelia_Pixel10_24-3-2026",
      {
        "n_gt": 20,
        "n_pred": 19,
        "clean": 4,
        "missed": 12,
        "gt_merged": 4,
        "gt_split": 0,
        "fp": 13,
        "pred_merged": 2,
        "pred_split_part": 0,
        "f1_like": 0.20512820512820512,
        "recall": 0.2,
        "precision": 0.21052631578947367,
        "miss_rate": 0.6,
        "merge_rate": 0.10526315789473684,
        "fp_rate": 0.6842105263157895
      }
    ],
    [
      "UriyaCohenEliya_acroBuilding_GooglePixel10_15-04-2026_exp4",
      {
        "n_gt": 12,
        "n_pred": 8,
        "clean": 5,
        "missed": 7,
        "gt_merged": 0,
        "gt_split": 0,
        "fp": 3,
        "pred_merged": 0,
        "pred_split_part": 0,
        "f1_like": 0.5,
        "recall": 0.4166666666666667,
        "precision": 0.625,
        "miss_rate": 0.5833333333333334,
        "merge_rate": 0.0,
        "fp_rate": 0.375
      }
    ],
    [
      "UriyaCohenEliya_acroBuilding_SamsungSM-A235F_15-04-2026_exp4",
      {
        "n_gt": 12,
        "n_pred": 6,
        "clean": 5,
        "missed": 7,
        "gt_merged": 0,
        "gt_split": 0,
        "fp": 1,
        "pred_merged": 0,
        "pred_split_part": 0,
        "f1_like": 0.5555555555555556,
        "recall": 0.4166666666666667,
        "precision": 0.8333333333333334,
        "miss_rate": 0.5833333333333334,
        "merge_rate": 0.0,
        "fp_rate": 0.16666666666666666
      }
    ],
    [
      "UriyaCohenEliya_beitMansour1_GooglePixel10_15-04-2026_exp5",
      {
        "n_gt": 18,
        "n_pred": 20,
        "clean": 18,
        "missed": 0,
        "gt_merged": 0,
        "gt_split": 0,
        "fp": 2,
        "pred_merged": 0,
        "pred_split_part": 0,
        "f1_like": 0.9473684210526315,
        "recall": 1.0,
        "precision": 0.9,
        "miss_rate": 0.0,
        "merge_rate": 0.0,
        "fp_rate": 0.1
      }
    ],
    [
      "UriyaCohenEliya_beitMansour1_SamsungSM-A235F_15-04-2026_exp5",
      {
        "n_gt": 18,
        "n_pred": 20,
        "clean": 18,
        "missed": 0,
        "gt_merged": 0,
        "gt_split": 0,
        "fp": 2,
        "pred_merged": 0,
        "pred_split_part": 0,
        "f1_like": 0.9473684210526315,
        "recall": 1.0,
        "precision": 0.9,
        "miss_rate": 0.0,
        "merge_rate": 0.0,
        "fp_rate": 0.1
      }
    ],
    [
      "UriyaCohenEliya_beitYitzchakiRaanana_GooglePixel10_15-04-2026_exp6",
      {
        "n_gt": 29,
        "n_pred": 34,
        "clean": 28,
        "missed": 1,
        "gt_merged": 0,
        "gt_split": 0,
        "fp": 6,
        "pred_merged": 0,
        "pred_split_part": 0,
        "f1_like": 0.8888888888888888,
        "recall": 0.9655172413793104,
        "precision": 0.8235294117647058,
        "miss_rate": 0.034482758620689655,
        "merge_rate": 0.0,
        "fp_rate": 0.17647058823529413
      }
    ],
    [
      "UriyaCohenEliya_beitYitzchakiRaanana_SamsungSM-A235F_15-04-2026_exp6",
      {
        "n_gt": 29,
        "n_pred": 32,
        "clean": 29,
        "missed": 0,
        "gt_merged": 0,
        "gt_split": 0,
        "fp": 3,
        "pred_merged": 0,
        "pred_split_part": 0,
        "f1_like": 0.9508196721311475,
        "recall": 1.0,
        "precision": 0.90625,
        "miss_rate": 0.0,
        "merge_rate": 0.0,
        "fp_rate": 0.09375
      }
    ],
    [
      "UriyaCohenEliya_milleniumHotel_GooglePixel10_15-04-2026_exp1",
      {
        "n_gt": 10,
        "n_pred": 24,
        "clean": 1,
        "missed": 7,
        "gt_merged": 2,
        "gt_split": 0,
        "fp": 22,
        "pred_merged": 1,
        "pred_split_part": 0,
        "f1_like": 0.058823529411764705,
        "recall": 0.1,
        "precision": 0.041666666666666664,
        "miss_rate": 0.7,
        "merge_rate": 0.041666666666666664,
        "fp_rate": 0.9166666666666666
      }
    ],
    [
      "UriyaCohenEliya_milleniumHotel_GooglePixel10_15-04-2026_exp2",
      {
        "n_gt": 31,
        "n_pred": 8,
        "clean": 0,
        "missed": 31,
        "gt_merged": 0,
        "gt_split": 0,
        "fp": 8,
        "pred_merged": 0,
        "pred_split_part": 0,
        "f1_like": 0.0,
        "recall": 0.0,
        "precision": 0.0,
        "miss_rate": 1.0,
        "merge_rate": 0.0,
        "fp_rate": 1.0
      }
    ],
    [
      "UriyaCohenEliya_milleniumHotel_GooglePixel10_15-04-2026_exp3",
      {
        "n_gt": 12,
        "n_pred": 12,
        "clean": 11,
        "missed": 1,
        "gt_merged": 0,
        "gt_split": 0,
        "fp": 1,
        "pred_merged": 0,
        "pred_split_part": 0,
        "f1_like": 0.9166666666666666,
        "recall": 0.9166666666666666,
        "precision": 0.9166666666666666,
        "miss_rate": 0.08333333333333333,
        "merge_rate": 0.0,
        "fp_rate": 0.08333333333333333
      }
    ],
    [
      "UriyaCohenEliya_milleniumHotel_SamsungSM-A235F_15-04-2026_exp2",
      {
        "n_gt": 31,
        "n_pred": 35,
        "clean": 31,
        "missed": 0,
        "gt_merged": 0,
        "gt_split": 0,
        "fp": 4,
        "pred_merged": 0,
        "pred_split_part": 0,
        "f1_like": 0.9393939393939394,
        "recall": 1.0,
        "precision": 0.8857142857142857,
        "miss_rate": 0.0,
        "merge_rate": 0.0,
        "fp_rate": 0.11428571428571428
      }
    ],
    [
      "UriyaCohenEliya_milleniumHotel_SamsungSM-A235F_15-04-2026_exp3",
      {
        "n_gt": 12,
        "n_pred": 14,
        "clean": 12,
        "missed": 0,
        "gt_merged": 0,
        "gt_split": 0,
        "fp": 2,
        "pred_merged": 0,
        "pred_split_part": 0,
        "f1_like": 0.9230769230769231,
        "recall": 1.0,
        "precision": 0.8571428571428571,
        "miss_rate": 0.0,
        "merge_rate": 0.0,
        "fp_rate": 0.14285714285714285
      }
    ],
    [
      "UriyaCohenEliya_milleniumHotel_Xiaomi22101320I_15-04-2026_exp1",
      {
        "n_gt": 10,
        "n_pred": 14,
        "clean": 0,
        "missed": 10,
        "gt_merged": 0,
        "gt_split": 0,