{
  "baseline_config": {
    "r2_peak_thresh": 0.8,
    "min_peak_abs_a": 0.5,
    "nms_radius_s": 0.5,
    "same_sign_min_gap_s": 3.0,
    "min_ride_s": 0.0,
    "max_ride_s": 120.0,
    "joint_r2_thresh": 0.75,
    "min_pair_abs_a": 0.5,
    "heatmap_energy_thresh": 0.3,
    "w_min_s": 0.4,
    "w_max_s": 3.0,
    "n_w": 30,
    "f_min": 0.05,
    "f_max": 0.8,
    "n_f": 15,
    "noise_sigma_multiplier": 6.0
  },
  "baseline_metrics": {
    "r2_peak_thresh": 0.8,
    "min_peak_abs_a": 0.5,
    "nms_radius_s": 0.5,
    "same_sign_min_gap_s": 3.0,
    "min_ride_s": 0.0,
    "max_ride_s": 120.0,
    "joint_r2_thresh": 0.75,
    "min_pair_abs_a": 0.5,
    "heatmap_energy_thresh": 0.3,
    "w_min_s": 0.4,
    "w_max_s": 3.0,
    "n_w": 30,
    "f_min": 0.05,
    "f_max": 0.8,
    "n_f": 15,
    "noise_sigma_multiplier": 6.0,
    "n_gt": 415,
    "n_pred": 410,
    "clean": 230,
    "missed": 164,
    "gt_merged": 18,
    "gt_split": 3,
    "fp": 167,
    "pred_merged": 7,
    "pred_split_part": 6,
    "f1_like": 0.5575757575757576,
    "recall": 0.5542168674698795,
    "precision": 0.5609756097560976,
    "miss_rate": 0.39518072289156625,
    "merge_rate": 0.01707317073170732,
    "fp_rate": 0.4073170731707317,
    "iou_f1@0.5": 0.29818181818181816,
    "iou_precision@0.5": 0.3,
    "iou_recall@0.5": 0.2963855421686747,
    "iou_mean@0.5": 0.5929131895836907,
    "iou_tp@0.5": 123,
    "iou_fp@0.5": 287,
    "iou_fn@0.5": 292
  },
  "per_param_best": {
    "r2_peak_thresh": {
      "value": 0.55,
      "f1_like": 0.559322033898305,
      "iou_f1@0.5": 0.29782082324455206,
      "recall": 0.5566265060240964,
      "precision": 0.5620437956204379
    },
    "min_peak_abs_a": {
      "value": 0.4,
      "f1_like": 0.5707602339181287,
      "iou_f1@0.5": 0.3017543859649123,
      "recall": 0.5879518072289157,
      "precision": 0.5545454545454546
    },
    "nms_radius_s": {
      "value": 2.0,
      "f1_like": 0.5633456334563346,
      "iou_f1@0.5": 0.3025830258302583,
      "recall": 0.5518072289156627,
      "precision": 0.5753768844221105
    },
    "same_sign_min_gap_s": {
      "value": 10.0,
      "f1_like": 0.5950196592398427,
      "iou_f1@0.5": 0.3197903014416776,
      "recall": 0.5469879518072289,
      "precision": 0.6522988505747126
    },
    "joint_r2_thresh": {
      "value": 0.9,
      "f1_like": 0.5733157199471598,
      "iou_f1@0.5": 0.3276089828269485,
      "recall": 0.5228915662650603,
      "precision": 0.6345029239766082
    },
    "min_pair_abs_a": {
      "value": 0.5,
      "f1_like": 0.5575757575757576,
      "iou_f1@0.5": 0.29818181818181816,
      "recall": 0.5542168674698795,
      "precision": 0.5609756097560976
    },
    "heatmap_energy_thresh": {
      "value": 0.6,
      "f1_like": 0.625,
      "iou_f1@0.5": 0.37499999999999994,
      "recall": 0.4939759036144578,
      "precision": 0.8506224066390041
    },
    "max_ride_s": {
      "value": 30.0,
      "f1_like": 0.5661310259579728,
      "iou_f1@0.5": 0.3016069221260816,
      "recall": 0.5518072289156627,
      "precision": 0.5812182741116751
    }
  },
  "combined_best_config": {
    "r2_peak_thresh": 0.55,
    "min_peak_abs_a": 0.4,
    "nms_radius_s": 2.0,
    "same_sign_min_gap_s": 10.0,
    "min_ride_s": 0.0,
    "max_ride_s": 30.0,
    "joint_r2_thresh": 0.9,
    "min_pair_abs_a": 0.5,
    "heatmap_energy_thresh": 0.6,
    "w_min_s": 0.4,
    "w_max_s": 3.0,
    "n_w": 30,
    "f_min": 0.05,
    "f_max": 0.8,
    "n_f": 15,
    "noise_sigma_multiplier": 6.0
  },
  "combined_best_metrics": {
    "r2_peak_thresh": 0.55,
    "min_peak_abs_a": 0.4,
    "nms_radius_s": 2.0,
    "same_sign_min_gap_s": 10.0,
    "min_ride_s": 0.0,
    "max_ride_s": 30.0,
    "joint_r2_thresh": 0.9,
    "min_pair_abs_a": 0.5,
    "heatmap_energy_thresh": 0.6,
    "w_min_s": 0.4,
    "w_max_s": 3.0,
    "n_w": 30,
    "f_min": 0.05,
    "f_max": 0.8,
    "n_f": 15,
    "noise_sigma_multiplier": 6.0,
    "n_gt": 415,
    "n_pred": 226,
    "clean": 205,
    "missed": 208,
    "gt_merged": 2,
    "gt_split": 0,
    "fp": 20,
    "pred_merged": 1,
    "pred_split_part": 0,
    "f1_like": 0.6396255850234009,
    "recall": 0.4939759036144578,
    "precision": 0.9070796460176991,
    "miss_rate": 0.5012048192771085,
    "merge_rate": 0.004424778761061947,
    "fp_rate": 0.08849557522123894,
    "iou_f1@0.5": 0.39001560062402496,
    "iou_precision@0.5": 0.5530973451327433,
    "iou_recall@0.5": 0.30120481927710846,
    "iou_mean@0.5": 0.5963298819585616,
    "iou_tp@0.5": 125,
    "iou_fp@0.5": 101,
    "iou_fn@0.5": 290
  },
  "experiments_used": [
    "RoyTurgeman_Haari3_SamsungGalaxyZFlip6_10-4-2026",
    "UriyaCohenEliya_BarIlan2Herzelia_Pixel10_24-3-2026",
    "UriyaCohenEliya_acroBuilding_GooglePixel10_15-04-2026_exp4",
    "UriyaCohenEliya_acroBuilding_SamsungSM-A235F_15-04-2026_exp4",
    "UriyaCohenEliya_beitMansour1_GooglePixel10_15-04-2026_exp5",
    "UriyaCohenEliya_beitMansour1_SamsungSM-A235F_15-04-2026_exp5",
    "UriyaCohenEliya_milleniumHotel_GooglePixel10_15-04-2026_exp1",
    "UriyaCohenEliya_milleniumHotel_GooglePixel10_15-04-2026_exp2",
    "UriyaCohenEliya_milleniumHotel_GooglePixel10_15-04-2026_exp3",
    "UriyaCohenEliya_milleniumHotel_SamsungSM-A235F_15-04-2026_exp2",
    "UriyaCohenEliya_milleniumHotel_SamsungSM-A235F_15-04-2026_exp3",
    "UriyaCohenEliya_milleniumHotel_Xiaomi22101320I_15-04-2026_exp1",
    "eyalyakir_acroBuilding_SamsungSM-S911B_15-04-2026_exp4",
    "eyalyakir_acroBuilding_Xiaomi22101320I_15-04-2026_exp4",
    "eyalyakir_beitMansour1_SamsungSM-S911B_15-04-2026_exp5",
    "eyalyakir_beitMansour1_Xiaomi22101320I_15-04-2026_exp5",
    "eyalyakir_milleniumHotel_SamsungSM-A235F_15-04-2026_exp1",
    "eyalyakir_milleniumHotel_SamsungSM-S911B_15-04-2026_exp1",
    "eyalyakir_milleniumHotel_SamsungSM-S911B_15-04-2026_exp2",
    "eyalyakir_milleniumHotel_SamsungSM-S911B_15-04-2026_exp3",
    "eyalyakir_milleniumHotel_Xiaomi22101320I_15-04-2026_exp2",
    "eyalyakir_milleniumHotel_Xiaomi22101320I_15-04-2026_exp3"
  ]
}