{
  "config": {
    "r2_peak_thresh": 0.75,
    "min_peak_abs_a": 0.5,
    "nms_radius_s": 0.5,
    "same_sign_min_gap_s": 5.0,
    "min_ride_s": 10.0,
    "max_ride_s": 120.0,
    "joint_r2_thresh": 0.75,
    "min_pair_abs_a": 0.3
  },
  "metrics": {
    "n_gt": 415,
    "n_pred": 202,
    "clean": 30,
    "missed": 121,
    "gt_merged": 208,
    "gt_split": 56,
    "fp": 40,
    "pred_merged": 123,
    "pred_split_part": 9,
    "f1_like": 0.09724473257698542,
    "recall": 0.07228915662650602,
    "precision": 0.1485148514851485,
    "miss_rate": 0.29156626506024097,
    "merge_rate": 0.6089108910891089,
    "fp_rate": 0.19801980198019803,
    "iou_f1@0.5": 0.08103727714748785,
    "iou_precision@0.5": 0.12376237623762376,
    "iou_recall@0.5": 0.060240963855421686,
    "iou_mean@0.5": 0.6076161506423021,
    "iou_tp@0.5": 25,
    "iou_fp@0.5": 177,
    "iou_fn@0.5": 390
  },
  "grid": {
    "r2_peak_thresh": [
      0.75,
      0.85
    ],
    "min_peak_abs_a": [
      0.3,
      0.5,
      0.7,
      0.9
    ],
    "nms_radius_s": [
      0.5
    ],
    "same_sign_min_gap_s": [
      5.0,
      15.0,
      25.0
    ],
    "joint_r2_thresh": [
      0.75,
      0.85
    ],
    "min_pair_abs_a": [
      0.3,
      0.5,
      0.7
    ]
  },
  "n_experiments": 22,
  "kind": "train"
}