{
  "description": "Per-sign peak picking in detect.py: run _peak_pick twice (on pos and neg gated R\u00b2 arrays) and merge. Fixes the case where a high-R\u00b2 +peak suppressed a valid -peak nearby.",
  "n_experiments": 26,
  "elapsed_s": 126.76021718978882,
  "config": {
    "r2_peak_thresh": 0.55,
    "min_peak_abs_a": 0.4,
    "nms_radius_s": 1.0,
    "same_sign_min_gap_s": 5.0,
    "min_ride_s": 0.0,
    "max_ride_s": 30.0,
    "joint_r2_thresh": 0.9,
    "min_pair_abs_a": 0.3,
    "heatmap_energy_thresh": 0.4,
    "quiet_middle_ratio": 0.5,
    "w_min_s": 0.4,
    "w_max_s": 3.0,
    "n_w": 30,
    "f_min": 0.05,
    "f_max": 0.8,
    "n_f": 15,
    "noise_sigma_multiplier": 6.0
  },
  "total": {
    "n_gt": 498,
    "n_pred": 396,
    "clean": 334,
    "missed": 148,
    "gt_merged": 16,
    "gt_split": 0,
    "fp": 54,
    "pred_merged": 8,
    "pred_split_part": 0,
    "f1_like": 0.7472035794183445,
    "recall": 0.6706827309236948,
    "precision": 0.8434343434343434,
    "miss_rate": 0.2971887550200803,
    "merge_rate": 0.020202020202020204,
    "fp_rate": 0.13636363636363635
  },
  "iou": {
    "iou_f1@0.5": 0.5078299776286352,
    "iou_precision@0.5": 0.5732323232323232,
    "iou_recall@0.5": 0.45582329317269077,
    "iou_mean@0.5": 0.6079158441478992,
    "iou_tp@0.5": 227,
    "iou_fp@0.5": 169,
    "iou_fn@0.5": 271
  },
  "per_exp": [
    [
      "RoyTurgeman_Haari3_SamsungGalaxyZFlip6_10-4-2026",
      {
        "n_gt": 30,
        "n_pred": 21,
        "clean": 10,
        "missed": 16,
        "gt_merged": 4,
        "gt_split": 0,
        "fp": 9,
        "pred_merged": 2,
        "pred_split_part": 0,
        "f1_like": 0.39215686274509803,
        "recall": 0.3333333333333333,
        "precision": 0.47619047619047616,
        "miss_rate": 0.5333333333333333,
        "merge_rate": 0.09523809523809523,
        "fp_rate": 0.42857142857142855
      }
    ],
    [
      "UriyaCohenEliya_BarIlan2Herzelia_Pixel10_24-3-2026",
      {
        "n_gt": 20,
        "n_pred": 6,
        "clean": 1,
        "missed": 15,
        "gt_merged": 4,
        "gt_split": 0,
        "fp": 3,
        "pred_merged": 2,
        "pred_split_part": 0,
        "f1_like": 0.07692307692307693,
        "recall": 0.05,
        "precision": 0.16666666666666666,
        "miss_rate": 0.75,
        "merge_rate": 0.3333333333333333,
        "fp_rate": 0.5
      }
    ],
    [
      "UriyaCohenEliya_acroBuilding_GooglePixel10_15-04-2026_exp4",
      {
        "n_gt": 12,
        "n_pred": 7,
        "clean": 5,
        "missed": 7,
        "gt_merged": 0,
        "gt_split": 0,
        "fp": 2,
        "pred_merged": 0,
        "pred_split_part": 0,
        "f1_like": 0.5263157894736842,
        "recall": 0.4166666666666667,
        "precision": 0.7142857142857143,
        "miss_rate": 0.5833333333333334,
        "merge_rate": 0.0,
        "fp_rate": 0.2857142857142857
      }
    ],
    [
      "UriyaCohenEliya_acroBuilding_SamsungSM-A235F_15-04-2026_exp4",
      {
        "n_gt": 12,
        "n_pred": 5,
        "clean": 4,
        "missed": 8,
        "gt_merged": 0,
        "gt_split": 0,
        "fp": 1,
        "pred_merged": 0,
        "pred_split_part": 0,
        "f1_like": 0.47058823529411764,
        "recall": 0.3333333333333333,
        "precision": 0.8,
        "miss_rate": 0.6666666666666666,
        "merge_rate": 0.0,
        "fp_rate": 0.2
      }
    ],
    [
      "UriyaCohenEliya_beitMansour1_GooglePixel10_15-04-2026_exp5",
      {
        "n_gt": 18,
        "n_pred": 19,
        "clean": 18,
        "missed": 0,
        "gt_merged": 0,
        "gt_split": 0,
        "fp": 1,
        "pred_merged": 0,
        "pred_split_part": 0,
        "f1_like": 0.972972972972973,
        "recall": 1.0,
        "precision": 0.9473684210526315,
        "miss_rate": 0.0,
        "merge_rate": 0.0,
        "fp_rate": 0.05263157894736842
      }
    ],
    [
      "UriyaCohenEliya_beitMansour1_SamsungSM-A235F_15-04-2026_exp5",
      {
        "n_gt": 18,
        "n_pred": 19,
        "clean": 18,
        "missed": 0,
        "gt_merged": 0,
        "gt_split": 0,
        "fp": 1,
        "pred_merged": 0,
        "pred_split_part": 0,
        "f1_like": 0.972972972972973,
        "recall": 1.0,
        "precision": 0.9473684210526315,
        "miss_rate": 0.0,
        "merge_rate": 0.0,
        "fp_rate": 0.05263157894736842
      }
    ],
    [
      "UriyaCohenEliya_beitYitzchakiRaanana_GooglePixel10_15-04-2026_exp6",
      {
        "n_gt": 29,
        "n_pred": 27,
        "clean": 24,
        "missed": 3,
        "gt_merged": 2,
        "gt_split": 0,
        "fp": 2,
        "pred_merged": 1,
        "pred_split_part": 0,
        "f1_like": 0.8571428571428571,
        "recall": 0.8275862068965517,
        "precision": 0.8888888888888888,
        "miss_rate": 0.10344827586206896,
        "merge_rate": 0.037037037037037035,
        "fp_rate": 0.07407407407407407
      }
    ],
    [
      "UriyaCohenEliya_beitYitzchakiRaanana_SamsungSM-A235F_15-04-2026_exp6",
      {
        "n_gt": 29,
        "n_pred": 30,
        "clean": 28,
        "missed": 1,
        "gt_merged": 0,
        "gt_split": 0,
        "fp": 2,
        "pred_merged": 0,
        "pred_split_part": 0,
        "f1_like": 0.9491525423728814,
        "recall": 0.9655172413793104,
        "precision": 0.9333333333333333,
        "miss_rate": 0.034482758620689655,
        "merge_rate": 0.0,
        "fp_rate": 0.06666666666666667
      }
    ],
    [
      "UriyaCohenEliya_milleniumHotel_GooglePixel10_15-04-2026_exp1",
      {
        "n_gt": 10,
        "n_pred": 7,
        "clean": 0,
        "missed": 8,
        "gt_merged": 2,
        "gt_split": 0,
        "fp": 6,
        "pred_merged": 1,
        "pred_split_part": 0,
        "f1_like": 0.0,
        "recall": 0.0,
        "precision": 0.0,
        "miss_rate": 0.8,
        "merge_rate": 0.14285714285714285,
        "fp_rate": 0.8571428571428571
      }
    ],
    [
      "UriyaCohenEliya_milleniumHotel_GooglePixel10_15-04-2026_exp2",
      {
        "n_gt": 31,
        "n_pred": 3,
        "clean": 0,
        "missed": 31,
        "gt_merged": 0,
        "gt_split": 0,
        "fp": 3,
        "pred_merged": 0,
        "pred_split_part": 0,
        "f1_like": 0.0,
        "recall": 0.0,
        "precision": 0.0,
        "miss_rate": 1.0,
        "merge_rate": 0.0,
        "fp_rate": 1.0
      }
    ],
    [
      "UriyaCohenEliya_milleniumHotel_GooglePixel10_15-04-2026_exp3",
      {
        "n_gt": 12,
        "n_pred": 11,
        "clean": 11,
        "missed": 1,
        "gt_merged": 0,
        "gt_split": 0,
        "fp": 0,
        "pred_merged": 0,
        "pred_split_part": 0,
        "f1_like": 0.9565217391304348,
        "recall": 0.9166666666666666,
        "precision": 1.0,
        "miss_rate": 0.08333333333333333,
        "merge_rate": 0.0,
        "fp_rate": 0.0
      }
    ],
    [
      "UriyaCohenEliya_milleniumHotel_SamsungSM-A235F_15-04-2026_exp2",
      {
        "n_gt": 31,
        "n_pred": 34,
        "clean": 31,
        "missed": 0,
        "gt_merged": 0,
        "gt_split": 0,
        "fp": 3,
        "pred_merged": 0,
        "pred_split_part": 0,
        "f1_like": 0.9538461538461539,
        "recall": 1.0,
        "precision": 0.9117647058823529,
        "miss_rate": 0.0,
        "merge_rate": 0.0,
        "fp_rate": 0.08823529411764706
      }
    ],
    [
      "UriyaCohenEliya_milleniumHotel_SamsungSM-A235F_15-04-2026_exp3",
      {
        "n_gt": 12,
        "n_pred": 12,
        "clean": 12,
        "missed": 0,
        "gt_merged": 0,
        "gt_split": 0,
        "fp": 0,
        "pred_merged": 0,
        "pred_split_part": 0,
        "f1_like": 1.0,
        "recall": 1.0,
        "precision": 1.0,
        "miss_rate": 0.0,
        "merge_rate": 0.0,
        "fp_rate": 0.0
      }
    ],
    [
      "UriyaCohenEliya_milleniumHotel_Xiaomi22101320I_15-04-2026_exp1",
      {
        "n_gt": 10,