{
  "slug": "05_mutual_nearest",
  "description": "Mutual nearest neighbour: only pair + with \u2212 (or vice versa) if each is the other's nearest admissible opposite. Structural attack on lobe-jumping.",
  "kwargs": {
    "require_mutual_nearest": true
  },
  "totals": {
    "n_gt": 415,
    "n_pred": 224,
    "clean": 68,
    "missed": 188,
    "gt_merged": 83,
    "gt_split": 76,
    "fp": 36,
    "pred_merged": 114,
    "pred_split_part": 6,
    "f1_like": 0.21283255086071987,
    "recall": 0.163855421686747,
    "precision": 0.30357142857142855,
    "miss_rate": 0.4530120481927711,
    "merge_rate": 0.5089285714285714,
    "fp_rate": 0.16071428571428573
  },
  "iou": {
    "iou_f1@0.5": 0.14710485133020346,
    "iou_precision@0.5": 0.20982142857142858,
    "iou_recall@0.5": 0.11325301204819277,
    "iou_mean@0.5": 0.6167549901764281,
    "iou_tp@0.5": 47,
    "iou_fp@0.5": 177,
    "iou_fn@0.5": 368
  },
  "per_exp": [
    [
      "RoyTurgeman_Haari3_SamsungGalaxyZFlip6_10-4-2026",
      {
        "n_gt": 39,
        "n_pred": 7,
        "clean": 4,
        "missed": 30,
        "gt_merged": 5,
        "gt_split": 0,
        "fp": 1,
        "pred_merged": 2,
        "pred_split_part": 0,
        "f1_like": 0.17391304347826086,
        "recall": 0.10256410256410256,
        "precision": 0.5714285714285714,
        "miss_rate": 0.7692307692307693,
        "merge_rate": 0.2857142857142857,
        "fp_rate": 0.14285714285714285
      }
    ],
    [
      "UriyaCohenEliya_BarIlan2Herzelia_Pixel10_24-3-2026",
      {
        "n_gt": 44,
        "n_pred": 6,
        "clean": 3,
        "missed": 41,
        "gt_merged": 0,
        "gt_split": 0,
        "fp": 3,
        "pred_merged": 0,
        "pred_split_part": 0,
        "f1_like": 0.12,
        "recall": 0.06818181818181818,
        "precision": 0.5,
        "miss_rate": 0.9318181818181818,
        "merge_rate": 0.0,
        "fp_rate": 0.5
      }
    ],
    [
      "UriyaCohenEliya_acroBuilding_GooglePixel10_15-04-2026_exp4",
      {
        "n_gt": 12,
        "n_pred": 9,
        "clean": 7,
        "missed": 2,
        "gt_merged": 2,
        "gt_split": 1,
        "fp": 0,
        "pred_merged": 2,
        "pred_split_part": 0,
        "f1_like": 0.6666666666666666,
        "recall": 0.5833333333333334,
        "precision": 0.7777777777777778,
        "miss_rate": 0.16666666666666666,
        "merge_rate": 0.2222222222222222,
        "fp_rate": 0.0
      }
    ],
    [
      "UriyaCohenEliya_acroBuilding_SamsungSM-A235F_15-04-2026_exp4",
      {
        "n_gt": 12,
        "n_pred": 6,
        "clean": 5,
        "missed": 5,
        "gt_merged": 2,
        "gt_split": 0,
        "fp": 0,
        "pred_merged": 1,
        "pred_split_part": 0,
        "f1_like": 0.5555555555555556,
        "recall": 0.4166666666666667,
        "precision": 0.8333333333333334,
        "miss_rate": 0.4166666666666667,
        "merge_rate": 0.16666666666666666,
        "fp_rate": 0.0
      }
    ],
    [
      "UriyaCohenEliya_beitMansour1_GooglePixel10_15-04-2026_exp5",
      {
        "n_gt": 18,
        "n_pred": 13,
        "clean": 9,
        "missed": 2,
        "gt_merged": 6,
        "gt_split": 1,
        "fp": 0,
        "pred_merged": 4,
        "pred_split_part": 0,
        "f1_like": 0.5806451612903226,
        "recall": 0.5,
        "precision": 0.6923076923076923,
        "miss_rate": 0.1111111111111111,
        "merge_rate": 0.3076923076923077,
        "fp_rate": 0.0
      }
    ],
    [
      "UriyaCohenEliya_beitMansour1_SamsungSM-A235F_15-04-2026_exp5",
      {
        "n_gt": 18,
        "n_pred": 15,
        "clean": 4,
        "missed": 1,
        "gt_merged": 8,
        "gt_split": 5,
        "fp": 1,
        "pred_merged": 8,
        "pred_split_part": 2,
        "f1_like": 0.24242424242424243,
        "recall": 0.2222222222222222,
        "precision": 0.26666666666666666,
        "miss_rate": 0.05555555555555555,
        "merge_rate": 0.5333333333333333,
        "fp_rate": 0.06666666666666667
      }
    ],
    [
      "UriyaCohenEliya_milleniumHotel_GooglePixel10_15-04-2026_exp1",
      {
        "n_gt": 10,
        "n_pred": 4,
        "clean": 0,
        "missed": 10,
        "gt_merged": 0,
        "gt_split": 0,
        "fp": 4,
        "pred_merged": 0,
        "pred_split_part": 0,
        "f1_like": 0.0,
        "recall": 0.0,
        "precision": 0.0,
        "miss_rate": 1.0,
        "merge_rate": 0.0,
        "fp_rate": 1.0
      }
    ],
    [
      "UriyaCohenEliya_milleniumHotel_GooglePixel10_15-04-2026_exp2",
      {
        "n_gt": 31,
        "n_pred": 6,
        "clean": 0,
        "missed": 31,
        "gt_merged": 0,
        "gt_split": 0,
        "fp": 6,
        "pred_merged": 0,
        "pred_split_part": 0,
        "f1_like": 0.0,
        "recall": 0.0,
        "precision": 0.0,
        "miss_rate": 1.0,
        "merge_rate": 0.0,
        "fp_rate": 1.0
      }
    ],
    [
      "UriyaCohenEliya_milleniumHotel_GooglePixel10_15-04-2026_exp3",
      {
        "n_gt": 12,
        "n_pred": 9,
        "clean": 1,
        "missed": 1,
        "gt_merged": 6,
        "gt_split": 4,
        "fp": 1,
        "pred_merged": 7,
        "pred_split_part": 0,
        "f1_like": 0.09523809523809523,
        "recall": 0.08333333333333333,
        "precision": 0.1111111111111111,
        "miss_rate": 0.08333333333333333,
        "merge_rate": 0.7777777777777778,
        "fp_rate": 0.1111111111111111
      }
    ],
    [
      "UriyaCohenEliya_milleniumHotel_SamsungSM-A235F_15-04-2026_exp2",
      {
        "n_gt": 31,
        "n_pred": 24,
        "clean": 3,
        "missed": 2,
        "gt_merged": 10,
        "gt_split": 16,
        "fp": 0,
        "pred_merged": 21,
        "pred_split_part": 0,
        "f1_like": 0.10909090909090909,
        "recall": 0.0967741935483871,
        "precision": 0.125,
        "miss_rate": 0.06451612903225806,
        "merge_rate": 0.875,
        "fp_rate": 0.0
      }
    ],
    [
      "UriyaCohenEliya_milleniumHotel_SamsungSM-A235F_15-04-2026_exp3",
      {
        "n_gt": 12,
        "n_pred": 9,
        "clean": 2,
        "missed": 0,
        "gt_merged": 6,
        "gt_split": 4,
        "fp": 0,
        "pred_merged": 7,
        "pred_split_part": 0,
        "f1_like": 0.19047619047619047,
        "recall": 0.16666666666666666,
        "precision": 0.2222222222222222,
        "miss_rate": 0.0,
        "merge_rate": 0.7777777777777778,
        "fp_rate": 0.0
      }
    ],
    [
      "UriyaCohenEliya_milleniumHotel_Xiaomi22101320I_15-04-2026_exp1",
      {
        "n_gt": 10,
        "n_pred": 3,
        "clean": 0,
        "missed": 10,
        "gt_merged": 0,
        "gt_split": 0,
        "fp": 3,
        "pred_merged": 0,
        "pred_split_part": 0,
        "f1_like": 0.0,
        "recall": 0.0,
        "precision": 0.0,
        "miss_rate": 1.0,
        "merge_rate": 0.0,
        "fp_rate": 1.0
      }
    ],
    [
      "eyalyakir_acroBuilding_SamsungSM-S911B_15-04-2026_exp4",
      {
        "n_gt": 12,
        "n_pred": 8,
        "clean": 7,
        "missed": 5,
        "gt_merged": 0,
        "gt_split": 0,
        "fp": 1,
        "pred_merged": 0,
        "pred_split_part": 0,
        "f1_like": 0.7,
        "recall": 0.5833333333333334,
        "precision": 0.875,
        "miss_rate": 0.4166666666666667,
        "merge_rate": 0.0,
        "fp_rate": 0.125
      }
    ],
    [
      "eyalyakir_acroBuilding_Xiaomi22101320I_15-04-2026_exp4",
      {
        "n_gt": 12,
        "n_pred": 12,
        "clean": 8,
        "missed": 3,
        "gt_merged": 0,
        "gt_split": 1,
        "fp": 2,
        "pred_merged": 0,
        "pred_split_part": 2,
        "f1_like": 0.6666666666666666,
        "recall": 0.6666666666666666,
        "precision": 0.6666666666666666,
        "miss_rate": 0.25,
        "merge_rate": 0.0,