{
  "alpha": 0.08,
  "floor_multiplier": 1.645,
  "extra_margin_m": 0.0,
  "n_calibration": 382,
  "multiplier": 46.05639805975216,
  "p95_score": 46.05639805975216
}