{
  "slug": "02_dur_penalty_light",
  "description": "Duration penalty \u03bb=0.001: rank by score - 0.001\u00b7\u0394t to nudge short pairs ahead of long ones at similar scores.",
  "kwargs": {
    "duration_penalty_lambda": 0.001
  },
  "totals": {
    "n_gt": 415,
    "n_pred": 278,
    "clean": 65,
    "missed": 136,
    "gt_merged": 118,
    "gt_split": 96,
    "fp": 54,
    "pred_merged": 148,
    "pred_split_part": 11,
    "f1_like": 0.18759018759018758,
    "recall": 0.1566265060240964,
    "precision": 0.23381294964028776,
    "miss_rate": 0.327710843373494,
    "merge_rate": 0.5323741007194245,
    "fp_rate": 0.19424460431654678
  },
  "iou": {
    "iou_f1@0.5": 0.15584415584415584,
    "iou_precision@0.5": 0.19424460431654678,
    "iou_recall@0.5": 0.13012048192771083,
    "iou_mean@0.5": 0.6184142724755718,
    "iou_tp@0.5": 54,
    "iou_fp@0.5": 224,
    "iou_fn@0.5": 361
  },
  "per_exp": [
    [
      "RoyTurgeman_Haari3_SamsungGalaxyZFlip6_10-4-2026",
      {
        "n_gt": 39,
        "n_pred": 19,
        "clean": 8,
        "missed": 19,
        "gt_merged": 12,
        "gt_split": 0,
        "fp": 6,
        "pred_merged": 5,
        "pred_split_part": 0,
        "f1_like": 0.27586206896551724,
        "recall": 0.20512820512820512,
        "precision": 0.42105263157894735,
        "miss_rate": 0.48717948717948717,
        "merge_rate": 0.2631578947368421,
        "fp_rate": 0.3157894736842105
      }
    ],
    [
      "UriyaCohenEliya_BarIlan2Herzelia_Pixel10_24-3-2026",
      {
        "n_gt": 44,
        "n_pred": 6,
        "clean": 3,
        "missed": 41,
        "gt_merged": 0,
        "gt_split": 0,
        "fp": 3,
        "pred_merged": 0,
        "pred_split_part": 0,
        "f1_like": 0.12,
        "recall": 0.06818181818181818,
        "precision": 0.5,
        "miss_rate": 0.9318181818181818,
        "merge_rate": 0.0,
        "fp_rate": 0.5
      }
    ],
    [
      "UriyaCohenEliya_acroBuilding_GooglePixel10_15-04-2026_exp4",
      {
        "n_gt": 12,
        "n_pred": 9,
        "clean": 5,
        "missed": 0,
        "gt_merged": 5,
        "gt_split": 2,
        "fp": 0,
        "pred_merged": 4,
        "pred_split_part": 0,
        "f1_like": 0.47619047619047616,
        "recall": 0.4166666666666667,
        "precision": 0.5555555555555556,
        "miss_rate": 0.0,
        "merge_rate": 0.4444444444444444,
        "fp_rate": 0.0
      }
    ],
    [
      "UriyaCohenEliya_acroBuilding_SamsungSM-A235F_15-04-2026_exp4",
      {
        "n_gt": 12,
        "n_pred": 9,
        "clean": 5,
        "missed": 0,
        "gt_merged": 6,
        "gt_split": 1,
        "fp": 0,
        "pred_merged": 4,
        "pred_split_part": 0,
        "f1_like": 0.47619047619047616,
        "recall": 0.4166666666666667,
        "precision": 0.5555555555555556,
        "miss_rate": 0.0,
        "merge_rate": 0.4444444444444444,
        "fp_rate": 0.0
      }
    ],
    [
      "UriyaCohenEliya_beitMansour1_GooglePixel10_15-04-2026_exp5",
      {
        "n_gt": 18,
        "n_pred": 15,
        "clean": 4,
        "missed": 1,
        "gt_merged": 7,
        "gt_split": 6,
        "fp": 1,
        "pred_merged": 9,
        "pred_split_part": 1,
        "f1_like": 0.24242424242424243,
        "recall": 0.2222222222222222,
        "precision": 0.26666666666666666,
        "miss_rate": 0.05555555555555555,
        "merge_rate": 0.6,
        "fp_rate": 0.06666666666666667
      }
    ],
    [
      "UriyaCohenEliya_beitMansour1_SamsungSM-A235F_15-04-2026_exp5",
      {
        "n_gt": 18,
        "n_pred": 16,
        "clean": 4,
        "missed": 1,
        "gt_merged": 7,
        "gt_split": 6,
        "fp": 2,
        "pred_merged": 9,
        "pred_split_part": 1,
        "f1_like": 0.23529411764705882,
        "recall": 0.2222222222222222,
        "precision": 0.25,
        "miss_rate": 0.05555555555555555,
        "merge_rate": 0.5625,
        "fp_rate": 0.125
      }
    ],
    [
      "UriyaCohenEliya_milleniumHotel_GooglePixel10_15-04-2026_exp1",
      {
        "n_gt": 10,
        "n_pred": 8,
        "clean": 0,
        "missed": 10,
        "gt_merged": 0,
        "gt_split": 0,
        "fp": 8,
        "pred_merged": 0,
        "pred_split_part": 0,
        "f1_like": 0.0,
        "recall": 0.0,
        "precision": 0.0,
        "miss_rate": 1.0,
        "merge_rate": 0.0,
        "fp_rate": 1.0
      }
    ],
    [
      "UriyaCohenEliya_milleniumHotel_GooglePixel10_15-04-2026_exp2",
      {
        "n_gt": 31,
        "n_pred": 6,
        "clean": 0,
        "missed": 31,
        "gt_merged": 0,
        "gt_split": 0,
        "fp": 6,
        "pred_merged": 0,
        "pred_split_part": 0,
        "f1_like": 0.0,
        "recall": 0.0,
        "precision": 0.0,
        "miss_rate": 1.0,
        "merge_rate": 0.0,
        "fp_rate": 1.0
      }
    ],
    [
      "UriyaCohenEliya_milleniumHotel_GooglePixel10_15-04-2026_exp3",
      {
        "n_gt": 12,
        "n_pred": 10,
        "clean": 1,
        "missed": 0,
        "gt_merged": 7,
        "gt_split": 4,
        "fp": 1,
        "pred_merged": 7,
        "pred_split_part": 1,
        "f1_like": 0.09090909090909091,
        "recall": 0.08333333333333333,
        "precision": 0.1,
        "miss_rate": 0.0,
        "merge_rate": 0.7,
        "fp_rate": 0.1
      }
    ],
    [
      "UriyaCohenEliya_milleniumHotel_SamsungSM-A235F_15-04-2026_exp2",
      {
        "n_gt": 31,
        "n_pred": 27,
        "clean": 3,
        "missed": 0,
        "gt_merged": 10,
        "gt_split": 18,
        "fp": 0,
        "pred_merged": 22,
        "pred_split_part": 2,
        "f1_like": 0.10344827586206896,
        "recall": 0.0967741935483871,
        "precision": 0.1111111111111111,
        "miss_rate": 0.0,
        "merge_rate": 0.8148148148148148,
        "fp_rate": 0.0
      }
    ],
    [
      "UriyaCohenEliya_milleniumHotel_SamsungSM-A235F_15-04-2026_exp3",
      {
        "n_gt": 12,
        "n_pred": 8,
        "clean": 1,
        "missed": 0,
        "gt_merged": 8,
        "gt_split": 3,
        "fp": 0,
        "pred_merged": 7,
        "pred_split_part": 0,
        "f1_like": 0.1,
        "recall": 0.08333333333333333,
        "precision": 0.125,
        "miss_rate": 0.0,
        "merge_rate": 0.875,
        "fp_rate": 0.0
      }
    ],
    [
      "UriyaCohenEliya_milleniumHotel_Xiaomi22101320I_15-04-2026_exp1",
      {
        "n_gt": 10,
        "n_pred": 3,
        "clean": 0,
        "missed": 10,
        "gt_merged": 0,
        "gt_split": 0,
        "fp": 3,
        "pred_merged": 0,
        "pred_split_part": 0,
        "f1_like": 0.0,
        "recall": 0.0,
        "precision": 0.0,
        "miss_rate": 1.0,
        "merge_rate": 0.0,
        "fp_rate": 1.0
      }
    ],
    [
      "eyalyakir_acroBuilding_SamsungSM-S911B_15-04-2026_exp4",
      {
        "n_gt": 12,
        "n_pred": 12,
        "clean": 5,
        "missed": 0,
        "gt_merged": 5,
        "gt_split": 2,
        "fp": 2,
        "pred_merged": 4,
        "pred_split_part": 1,
        "f1_like": 0.4166666666666667,
        "recall": 0.4166666666666667,
        "precision": 0.4166666666666667,
        "miss_rate": 0.0,
        "merge_rate": 0.3333333333333333,
        "fp_rate": 0.16666666666666666
      }
    ],
    [
      "eyalyakir_acroBuilding_Xiaomi22101320I_15-04-2026_exp4",
      {
        "n_gt": 12,
        "n_pred": 13,
        "clean": 5,
        "missed": 0,
        "gt_merged": 5,
        "gt_split": 2,
        "fp": 3,
        "pred_merged": 4,
        "pred_split_part": 1,
        "f1_like": 0.4,
        "recall": 0.4166666666666667,
        "precision": 0.38461538461538464,
        "miss_rate": 0.0,
        "merge_rate": 0.3076923076923077,
        "fp_rate": 0.23076923076923078
      }
    ],
    [
      "eyalyakir_beitMansour1_SamsungSM-S911B_15-04-2026_exp5",
      {
        "n_gt": 18,
        "n_pred": 16,
        "clean": 6,
        "missed": 1,