{
  "description": "Keep iter_01 heatmap_energy=0.20 and same_sign_min_gap_s=5.0; revert min_pair_abs_a 0.30 -> 0.40",
  "n_experiments": 26,
  "elapsed_s": 115.34567284584045,
  "config": {
    "r2_peak_thresh": 0.55,
    "min_peak_abs_a": 0.4,
    "nms_radius_s": 2.0,
    "same_sign_min_gap_s": 5.0,
    "min_ride_s": 0.0,
    "max_ride_s": 30.0,
    "joint_r2_thresh": 0.9,
    "min_pair_abs_a": 0.4,
    "heatmap_energy_thresh": 0.2,
    "w_min_s": 0.4,
    "w_max_s": 3.0,
    "n_w": 30,
    "f_min": 0.05,
    "f_max": 0.8,
    "n_f": 15,
    "noise_sigma_multiplier": 6.0
  },
  "total": {
    "n_gt": 498,
    "n_pred": 493,
    "clean": 344,
    "missed": 146,
    "gt_merged": 8,
    "gt_split": 0,
    "fp": 145,
    "pred_merged": 4,
    "pred_split_part": 0,
    "f1_like": 0.6942482341069627,
    "recall": 0.6907630522088354,
    "precision": 0.6977687626774848,
    "miss_rate": 0.2931726907630522,
    "merge_rate": 0.008113590263691683,
    "fp_rate": 0.29411764705882354
  },
  "iou": {
    "iou_f1@0.5": 0.44197780020181626,
    "iou_precision@0.5": 0.44421906693711966,
    "iou_recall@0.5": 0.4397590361445783,
    "iou_mean@0.5": 0.6004321864622141,
    "iou_tp@0.5": 219,
    "iou_fp@0.5": 274,
    "iou_fn@0.5": 279
  },
  "per_exp": [
    [
      "RoyTurgeman_Haari3_SamsungGalaxyZFlip6_10-4-2026",
      {
        "n_gt": 30,
        "n_pred": 29,
        "clean": 9,
        "missed": 19,
        "gt_merged": 2,
        "gt_split": 0,
        "fp": 19,
        "pred_merged": 1,
        "pred_split_part": 0,
        "f1_like": 0.3050847457627119,
        "recall": 0.3,
        "precision": 0.3103448275862069,
        "miss_rate": 0.6333333333333333,
        "merge_rate": 0.034482758620689655,
        "fp_rate": 0.6551724137931034
      }
    ],
    [
      "UriyaCohenEliya_BarIlan2Herzelia_Pixel10_24-3-2026",
      {
        "n_gt": 20,
        "n_pred": 19,
        "clean": 4,
        "missed": 12,
        "gt_merged": 4,
        "gt_split": 0,
        "fp": 13,
        "pred_merged": 2,
        "pred_split_part": 0,
        "f1_like": 0.20512820512820512,
        "recall": 0.2,
        "precision": 0.21052631578947367,
        "miss_rate": 0.6,
        "merge_rate": 0.10526315789473684,
        "fp_rate": 0.6842105263157895
      }
    ],
    [
      "UriyaCohenEliya_acroBuilding_GooglePixel10_15-04-2026_exp4",
      {
        "n_gt": 12,
        "n_pred": 8,
        "clean": 5,
        "missed": 7,
        "gt_merged": 0,
        "gt_split": 0,
        "fp": 3,
        "pred_merged": 0,
        "pred_split_part": 0,
        "f1_like": 0.5,
        "recall": 0.4166666666666667,
        "precision": 0.625,
        "miss_rate": 0.5833333333333334,
        "merge_rate": 0.0,
        "fp_rate": 0.375
      }
    ],
    [
      "UriyaCohenEliya_acroBuilding_SamsungSM-A235F_15-04-2026_exp4",
      {
        "n_gt": 12,
        "n_pred": 6,
        "clean": 5,
        "missed": 7,
        "gt_merged": 0,
        "gt_split": 0,
        "fp": 1,
        "pred_merged": 0,
        "pred_split_part": 0,
        "f1_like": 0.5555555555555556,
        "recall": 0.4166666666666667,
        "precision": 0.8333333333333334,
        "miss_rate": 0.5833333333333334,
        "merge_rate": 0.0,
        "fp_rate": 0.16666666666666666
      }
    ],
    [
      "UriyaCohenEliya_beitMansour1_GooglePixel10_15-04-2026_exp5",
      {
        "n_gt": 18,
        "n_pred": 20,
        "clean": 18,
        "missed": 0,
        "gt_merged": 0,
        "gt_split": 0,
        "fp": 2,
        "pred_merged": 0,
        "pred_split_part": 0,
        "f1_like": 0.9473684210526315,
        "recall": 1.0,
        "precision": 0.9,
        "miss_rate": 0.0,
        "merge_rate": 0.0,
        "fp_rate": 0.1
      }
    ],
    [
      "UriyaCohenEliya_beitMansour1_SamsungSM-A235F_15-04-2026_exp5",
      {
        "n_gt": 18,
        "n_pred": 20,
        "clean": 18,
        "missed": 0,
        "gt_merged": 0,
        "gt_split": 0,
        "fp": 2,
        "pred_merged": 0,
        "pred_split_part": 0,
        "f1_like": 0.9473684210526315,
        "recall": 1.0,
        "precision": 0.9,
        "miss_rate": 0.0,
        "merge_rate": 0.0,
        "fp_rate": 0.1
      }
    ],
    [
      "UriyaCohenEliya_beitYitzchakiRaanana_GooglePixel10_15-04-2026_exp6",
      {
        "n_gt": 29,
        "n_pred": 32,
        "clean": 26,
        "missed": 3,
        "gt_merged": 0,
        "gt_split": 0,
        "fp": 6,
        "pred_merged": 0,
        "pred_split_part": 0,
        "f1_like": 0.8524590163934426,
        "recall": 0.896551724137931,
        "precision": 0.8125,
        "miss_rate": 0.10344827586206896,
        "merge_rate": 0.0,
        "fp_rate": 0.1875
      }
    ],
    [
      "UriyaCohenEliya_beitYitzchakiRaanana_SamsungSM-A235F_15-04-2026_exp6",
      {
        "n_gt": 29,
        "n_pred": 29,
        "clean": 26,
        "missed": 3,
        "gt_merged": 0,
        "gt_split": 0,
        "fp": 3,
        "pred_merged": 0,
        "pred_split_part": 0,
        "f1_like": 0.896551724137931,
        "recall": 0.896551724137931,
        "precision": 0.896551724137931,
        "miss_rate": 0.10344827586206896,
        "merge_rate": 0.0,
        "fp_rate": 0.10344827586206896
      }
    ],
    [
      "UriyaCohenEliya_milleniumHotel_GooglePixel10_15-04-2026_exp1",
      {
        "n_gt": 10,
        "n_pred": 24,
        "clean": 1,
        "missed": 7,
        "gt_merged": 2,
        "gt_split": 0,
        "fp": 22,
        "pred_merged": 1,
        "pred_split_part": 0,
        "f1_like": 0.058823529411764705,
        "recall": 0.1,
        "precision": 0.041666666666666664,
        "miss_rate": 0.7,
        "merge_rate": 0.041666666666666664,
        "fp_rate": 0.9166666666666666
      }
    ],
    [
      "UriyaCohenEliya_milleniumHotel_GooglePixel10_15-04-2026_exp2",
      {
        "n_gt": 31,
        "n_pred": 8,
        "clean": 0,
        "missed": 31,
        "gt_merged": 0,
        "gt_split": 0,
        "fp": 8,
        "pred_merged": 0,
        "pred_split_part": 0,
        "f1_like": 0.0,
        "recall": 0.0,
        "precision": 0.0,
        "miss_rate": 1.0,
        "merge_rate": 0.0,
        "fp_rate": 1.0
      }
    ],
    [
      "UriyaCohenEliya_milleniumHotel_GooglePixel10_15-04-2026_exp3",
      {
        "n_gt": 12,
        "n_pred": 12,
        "clean": 11,
        "missed": 1,
        "gt_merged": 0,
        "gt_split": 0,
        "fp": 1,
        "pred_merged": 0,
        "pred_split_part": 0,
        "f1_like": 0.9166666666666666,
        "recall": 0.9166666666666666,
        "precision": 0.9166666666666666,
        "miss_rate": 0.08333333333333333,
        "merge_rate": 0.0,
        "fp_rate": 0.08333333333333333
      }
    ],
    [
      "UriyaCohenEliya_milleniumHotel_SamsungSM-A235F_15-04-2026_exp2",
      {
        "n_gt": 31,
        "n_pred": 35,
        "clean": 31,
        "missed": 0,
        "gt_merged": 0,
        "gt_split": 0,
        "fp": 4,
        "pred_merged": 0,
        "pred_split_part": 0,
        "f1_like": 0.9393939393939394,
        "recall": 1.0,
        "precision": 0.8857142857142857,
        "miss_rate": 0.0,
        "merge_rate": 0.0,
        "fp_rate": 0.11428571428571428
      }
    ],
    [
      "UriyaCohenEliya_milleniumHotel_SamsungSM-A235F_15-04-2026_exp3",
      {
        "n_gt": 12,
        "n_pred": 14,
        "clean": 12,
        "missed": 0,
        "gt_merged": 0,
        "gt_split": 0,
        "fp": 2,
        "pred_merged": 0,
        "pred_split_part": 0,
        "f1_like": 0.9230769230769231,
        "recall": 1.0,
        "precision": 0.8571428571428571,
        "miss_rate": 0.0,
        "merge_rate": 0.0,
        "fp_rate": 0.14285714285714285
      }
    ],
    [
      "UriyaCohenEliya_milleniumHotel_Xiaomi22101320I_15-04-2026_exp1",
      {
        "n_gt": 10,
        "n_pred": 14,
        "clean": 0,
        "missed": 10,
        "gt_merged": 0,
        "gt_split": 0,