{
  "train": {
    "label": "train",
    "n_experiments": 22,
    "total": {
      "n_gt": 415,
      "n_pred": 391,
      "clean": 309,
      "missed": 82,
      "gt_merged": 15,
      "gt_split": 9,
      "fp": 62,
      "pred_merged": 13,
      "pred_split_part": 7,
      "f1_like": 0.7667493796526055,
      "recall": 0.744578313253012,
      "precision": 0.7902813299232737,
      "miss_rate": 0.19759036144578312,
      "merge_rate": 0.03324808184143223,
      "fp_rate": 0.1585677749360614
    },
    "iou": {
      "iou_f1@0.5": 0.48883374689826303,
      "iou_precision@0.5": 0.5038363171355499,
      "iou_recall@0.5": 0.4746987951807229,
      "iou_mean@0.5": 0.6286477439667358,
      "iou_tp@0.5": 197,
      "iou_fp@0.5": 194,
      "iou_fn@0.5": 218
    }
  },
  "test": {
    "label": "test",
    "n_experiments": 4,
    "total": {
      "n_gt": 116,
      "n_pred": 110,
      "clean": 94,
      "missed": 18,
      "gt_merged": 2,
      "gt_split": 2,
      "fp": 12,
      "pred_merged": 2,
      "pred_split_part": 2,
      "f1_like": 0.831858407079646,
      "recall": 0.8103448275862069,
      "precision": 0.8545454545454545,
      "miss_rate": 0.15517241379310345,
      "merge_rate": 0.01818181818181818,
      "fp_rate": 0.10909090909090909
    },
    "iou": {
      "iou_f1@0.5": 0.49557522123893805,
      "iou_precision@0.5": 0.509090909090909,
      "iou_recall@0.5": 0.4827586206896552,
      "iou_mean@0.5": 0.6275927663853302,
      "iou_tp@0.5": 56,
      "iou_fp@0.5": 54,
      "iou_fn@0.5": 60
    }
  },
  "pooled": {
    "label": "pooled",
    "n_experiments": 26,
    "total": {
      "n_gt": 531,
      "n_pred": 501,
      "clean": 403,
      "missed": 100,
      "gt_merged": 17,
      "gt_split": 11,
      "fp": 74,
      "pred_merged": 15,
      "pred_split_part": 9,
      "f1_like": 0.7810077519379846,
      "recall": 0.7589453860640302,
      "precision": 0.8043912175648703,
      "miss_rate": 0.18832391713747645,
      "merge_rate": 0.029940119760479042,
      "fp_rate": 0.14770459081836326
    },
    "iou": {
      "iou_f1@0.5": 0.4903100775193798,
      "iou_precision@0.5": 0.5049900199600799,
      "iou_recall@0.5": 0.4764595103578154,
      "iou_mean@0.5": 0.6284142313331512,
      "iou_tp@0.5": 253,
      "iou_fp@0.5": 248,
      "iou_fn@0.5": 278
    }
  },
  "cleaned": {
    "train": {
      "label": "train_cleaned",
      "n_experiments": 19,
      "total": {
        "n_gt": 330,
        "n_pred": 340,
        "clean": 272,
        "missed": 40,
        "gt_merged": 9,
        "gt_split": 9,
        "fp": 51,
        "pred_merged": 10,
        "pred_split_part": 7,
        "f1_like": 0.8119402985074626,
        "recall": 0.8242424242424242,
        "precision": 0.8,
        "miss_rate": 0.12121212121212122,
        "merge_rate": 0.029411764705882353,
        "fp_rate": 0.15
      },
      "iou": {
        "iou_f1@0.5": 0.5343283582089553,
        "iou_precision@0.5": 0.5264705882352941,
        "iou_recall@0.5": 0.5424242424242425,
        "iou_mean@0.5": 0.6272932423040951,
        "iou_tp@0.5": 179,
        "iou_fp@0.5": 161,
        "iou_fn@0.5": 151
      }
    },
    "test": {
      "label": "test_cleaned",
      "n_experiments": 4,
      "total": {
        "n_gt": 116,
        "n_pred": 110,
        "clean": 94,
        "missed": 18,
        "gt_merged": 2,
        "gt_split": 2,
        "fp": 12,
        "pred_merged": 2,
        "pred_split_part": 2,
        "f1_like": 0.831858407079646,
        "recall": 0.8103448275862069,
        "precision": 0.8545454545454545,
        "miss_rate": 0.15517241379310345,
        "merge_rate": 0.01818181818181818,
        "fp_rate": 0.10909090909090909
      },
      "iou": {
        "iou_f1@0.5": 0.49557522123893805,
        "iou_precision@0.5": 0.509090909090909,
        "iou_recall@0.5": 0.4827586206896552,
        "iou_mean@0.5": 0.6275927663853302,
        "iou_tp@0.5": 56,
        "iou_fp@0.5": 54,
        "iou_fn@0.5": 60
      }
    }
  }
}